First,Last,ChannelID,Image,id
Jake,Paul,JakePaulProductions,https://lh3.googleusercontent.com/a-/AJLlDp1P1J9k7YQQe7y5b3a8EL6_jOvqAY9Y8BTdUA=s176-c-k-c0x00ffffff-no-rj-mo,A
Logan,Paul,UCG8rbF3g2AMX70yOd8vqIZg,https://lh3.googleusercontent.com/a-/AJLlDp2MWXFh1__yVJcxVDlZD4H3_TLbL2YvJ20N0w=s176-c-k-c0x00ffffff-no-rj-mo,A
Jenna,Marbles,JennaMarbles,https://lh3.googleusercontent.com/a-/AJLlDp3i42R_YFWb5-KUU5xpASf7kkHNO8pH12_QlA=s176-c-k-c0x00ffffff-no-rj-mo,A
Shane,Dawson,shane,https://lh3.googleusercontent.com/a-/AJLlDp3QI5E-AkCovZOnP5ElY31WKwsFM7aJLKI7sA=s176-c-k-c0x00ffffff-no-rj-mo,A
Liza,Kochy,UCxSz6JVYmzVhtkraHWZC7HQ,https://lh3.googleusercontent.com/a-/AJLlDp2J-5H6oGJ_DpzeD7-AQtwRLrTM-9n9gQItcg=s176-c-k-c0x00ffffff-no-rj-mo,A
Superwoman,Superwoman,IISuperwomanII,https://lh3.googleusercontent.com/a-/AJLlDp0mlkzaLGZA8v0cNHzM11d72hogR4_gAlqqRQ=s176-c-k-c0x00ffffff-no-rj-mo,A
David,Dobrik,UCmh5gdwCx6lN7gEC20leNVA,https://lh3.googleusercontent.com/a-/AJLlDp3CLep9BL-D8jOk9GnPmAmARUSld907h5IJug=s176-c-k-c0x00ffffff-no-rj-mo,A
Kian and JC,Kian and JC,KianAndJc,https://lh3.googleusercontent.com/a-/AJLlDp3emwV2ixzz6RDWUMKIVLL7EGpr71WQ40HIFg=s176-c-k-c0x00ffffff-no-rj-mo,A
Ace,Family,UCWwWOFsW68TqXE-HZLC3WIA,https://lh3.googleusercontent.com/a-/AJLlDp1l3vCD8RZeuAKDNU1-vcYiyywTR1G02ghwKQ=s176-c-k-c0x00ffffff-no-rj-mo,A
RomanAtwoodVlogs,RomanAtwoodVlogs,RomanAtwoodVlogs,https://lh3.googleusercontent.com/a-/AJLlDp1ORrFrZzNW1gYdlIxi2er7-xipSr0ol5Xj4Q=s176-c-k-c0x00ffffff-no-rj-mo,A
Shaytards,Shaytards,SHAYTARDS,https://lh3.googleusercontent.com/a-/AJLlDp02ZLUQ2XQl3psSZZ7rnzyG4O08uHB5L04_IQ=s176-c-k-c0x00ffffff-no-rj-mo,A
Jason Nash,Family,UCWcVikU5Sv-AqMtjV-BVsLQ,https://lh3.googleusercontent.com/a-/AJLlDp1c-63x3_3Ekd8s-wicrrwkrxnxasy2C0OcKg=s176-c-k-c0x00ffffff-no-rj-mo,A
KYR,sp33dy,KYRSP33DY,https://lh3.googleusercontent.com/a-/AJLlDp0hyrPYjmv84g8jRNlyuKxKS3ctr0xjVJFjmQ=s176-c-k-c0x00ffffff-no-rj-mo,B
Fitz,Fitz,UCtb8P4rf_1n8KS8eZk_lNNw,https://lh3.googleusercontent.com/a-/AJLlDp1MOJxmEz4SDxY9P1DttlL02V9sruO9y7izTg=s176-c-k-c0x00ffffff-no-rj-mo,B
Seananners,Seananners,SeaNanners,https://lh3.googleusercontent.com/a-/AJLlDp1rcvDP58u3rnhsmzXAZvJ-GPhZdLG0dwQHEg=s176-c-k-c0x00ffffff-no-rj-mo,B
Vanoss,Vanoss,VanossGaming,https://lh3.googleusercontent.com/a-/AJLlDp3V68_5qWNIAZPszgH4jsOgxEf2JWUb6rAOUw=s176-c-k-c0x00ffffff-no-rj-mo,B
Hutch,Hutch,shaun0728,https://lh3.googleusercontent.com/a-/AJLlDp2WMqr78xrJZBqudel1PIvRzCu5RxGz7qC4eg=s176-c-k-c0x00ffffff-no-rj-mo,B
Jeffree,Star,jeffreestar,https://lh3.googleusercontent.com/a-/AJLlDp0mcg9GRD6lSbkMShguRmxhFERFExZaY-d-gQ=s176-c-k-c0x00ffffff-no-rj-mo,B
Manny,Mua,MannyMua733,https://lh3.googleusercontent.com/a-/AJLlDp0sbrPtNOR0YCpDpSA8-UItTQ5VfumXw_fnBw=s176-c-k-c0x00ffffff-no-rj-mo,B
James,Charles,UCucot-Zp428OwkyRm2I7v2Q,https://lh3.googleusercontent.com/a-/AJLlDp3BJViRnCz7oy0jDcawVsCaDIDO50QUjtl2Ig=s176-c-k-c0x00ffffff-no-rj-mo,B
Jaclyn,Hill,Jaclynhill1,https://lh3.googleusercontent.com/a-/AJLlDp0v403iSA6sRpqvG5IGWRm-I5RmtCcUkdUvMw=s176-c-k-c0x00ffffff-no-rj-mo,B
Sarah,BeautyCorner,SaraBeautyCorner,https://lh3.googleusercontent.com/a-/AJLlDp0vxJLGzphRtyHQC8Omqggd-S0A8tLOzECh2Q=s176-c-k-c0x00ffffff-no-rj-mo,B
Laura,DIY,LaurDIY,https://lh3.googleusercontent.com/a-/AJLlDp0vxDPP7vAEyucee76bZ-sBuNkhDH8CjmifVA=s176-c-k-c0x00ffffff-no-rj-mo,B
Bethany,Mota,Macbarbie07,https://lh3.googleusercontent.com/a-/AJLlDp3R3V237-dgkh3wurEQKAX_uWnZhtD2XSfIBA=s176-c-k-c0x00ffffff-no-rj-mo,B
Safiya,Nygaard,UCbAwSkqJ1W_Eg7wr3cp5BUA,https://lh3.googleusercontent.com/a-/AJLlDp0UAziB23a_aRzCw-azElEHckq0mRzv3WxR9Q=s176-c-k-c0x00ffffff-no-rj-mo,B
Buzzfeed,Buzzfeed,BuzzFeedVideo,https://lh3.googleusercontent.com/a-/AJLlDp3JmZsMr1fLjNl3peeE8TobwvNjP-vao8jq6w=s176-c-k-c0x00ffffff-no-rj-mo,B
Farm,Sanctuary,farmsanctuary1,https://yt3.ggpht.com/-CQq3dsTTRsc/AAAAAAAAAAI/AAAAAAAAAAA/NLf8wGeqsDs/s288-mo-c-c0xffffffff-rj-k-no/photo.jpg,
Mercy,forAnimals,mercyforanimals,https://yt3.ggpht.com/-pGBUUBuEVvM/AAAAAAAAAAI/AAAAAAAAAAA/kaZYSP-mesQ/s288-mo-c-c0xffffffff-rj-k-no/photo.jpg,
PETA,PETA,officialpeta,https://yt3.ggpht.com/-EIoOoXi1FGo/AAAAAAAAAAI/AAAAAAAAAAA/kznjCPWrR2E/s288-mo-c-c0xffffffff-rj-k-no/photo.jpg,
The,Dodo,TheDodoSite,https://yt3.ggpht.com/-nnauTHsMAYM/AAAAAAAAAAI/AAAAAAAAAAA/6cjZ1jU7y7A/s288-mo-c-c0xffffffff-rj-k-no/photo.jpg,
